id,name,model_id:id,group_id:id,perm_read,perm_write,perm_create,perm_unlink
,,,,,,,
access_tt_agent_type_for_public,tt.agent.type.for.public,model_tt_agent_type,,1,0,0,0
,,,,,,,
access_tt_agent_type_for_agent_type_level_1,tt.agent.type.for.agent.type.level.1,model_tt_agent_type,tt_base.group_agent_type_level_1,1,0,0,0
access_tt_agent_type_for_agent_type_level_2,tt.agent.type.for.agent.type.level.2,model_tt_agent_type,tt_base.group_agent_type_level_2,1,0,1,0
access_tt_agent_type_for_agent_type_level_3,tt.agent.type.for.agent.type.level.3,model_tt_agent_type,tt_base.group_agent_type_level_3,1,1,1,0
access_tt_agent_type_for_agent_type_level_4,tt.agent.type.for.agent.type.level.4,model_tt_agent_type,tt_base.group_agent_type_level_4,1,1,1,0
access_tt_agent_type_for_agent_type_level_5,tt.agent.type.for.agent.type.level.5,model_tt_agent_type,tt_base.group_agent_type_level_5,1,1,1,1
,,,,,,,
access_tt_agent_type_benefit_for_public,tt.agent.type.benefit.for.public,model_tt_agent_type,,1,0,0,0
,,,,,,,
access_tt_agent_type_benefit_for_agent_type_level_1,tt.agent.type.benefit.for.agent.type.level.1,model_tt_agent_type_benefit,tt_base.group_agent_type_level_1,1,0,0,0
access_tt_agent_type_benefit_for_agent_type_level_2,tt.agent.type.benefit.for.agent.type.level.2,model_tt_agent_type_benefit,tt_base.group_agent_type_level_2,1,0,1,0
access_tt_agent_type_benefit_for_agent_type_level_3,tt.agent.type.benefit.for.agent.type.level.3,model_tt_agent_type_benefit,tt_base.group_agent_type_level_3,1,1,1,0
access_tt_agent_type_benefit_for_agent_type_level_4,tt.agent.type.benefit.for.agent.type.level.4,model_tt_agent_type_benefit,tt_base.group_agent_type_level_4,1,1,1,0
access_tt_agent_type_benefit_for_agent_type_level_5,tt.agent.type.benefit.for.agent.type.level.5,model_tt_agent_type_benefit,tt_base.group_agent_type_level_5,1,1,1,1
,,,,,,,
access_tt_agent_for_public,tt.agent.for.public,model_tt_agent,,1,0,0,0
access_tt_agent_for_admin,tt.agent.for.admin,model_tt_agent,base.user_root,1,1,1,1
,,,,,,,
access_tt_agent_for_agent_level_1,tt.agent.for.agent.level.1,model_tt_agent,tt_base.group_agent_level_1,1,0,0,0
access_tt_agent_for_agent_level_2,tt.agent.for.agent.level.2,model_tt_agent,tt_base.group_agent_level_2,1,0,1,0
access_tt_agent_for_agent_level_3,tt.agent.for.agent.level.3,model_tt_agent,tt_base.group_agent_level_3,1,1,1,0
access_tt_agent_for_agent_level_4,tt.agent.for.agent.level.4,model_tt_agent,tt_base.group_agent_level_4,1,1,1,0
access_tt_agent_for_agent_level_5,tt.agent.for.agent.level.5,model_tt_agent,tt_base.group_agent_level_5,1,1,1,1
,,,,,,,
access_tt_agent_third_party_key_for_public,access.tt.agent.third.party.key.for.public,model_tt_agent_third_party_key,,1,0,0,0
access_tt_agent_third_party_key_for_admin,access.tt.agent.third.party.key.for.admin,model_tt_agent_third_party_key,base.group_system,1,1,1,0
,,,,,,,
access_tt_customer_job_position_for_customer_level_1,tt.customer.job.position.for.customer.level.1,model_tt_customer_job_position,tt_base.group_customer_level_1,1,0,0,0
access_tt_customer_job_position_for_customer_level_2,tt.customer.job.position.for.customer.level.2,model_tt_customer_job_position,tt_base.group_customer_level_2,1,0,1,0
access_tt_customer_job_position_for_customer_level_3,tt.customer.job.position.for.customer.level.3,model_tt_customer_job_position,tt_base.group_customer_level_3,1,1,1,1
access_tt_customer_job_position_for_customer_level_4,tt.customer.job.position.for.customer.level.4,model_tt_customer_job_position,tt_base.group_customer_level_4,1,1,1,1
access_tt_customer_job_position_for_customer_level_5,tt.customer.job.position.for.customer.level.5,model_tt_customer_job_position,tt_base.group_customer_level_5,1,1,1,1
,,,,,,,
access_tt_customer_job_hierarchy_for_customer_level_1,tt.customer.job.hierarchy.for.customer.level.1,model_tt_customer_job_hierarchy,tt_base.group_customer_level_1,1,0,0,0
access_tt_customer_job_hierarchy_for_customer_level_2,tt.customer.job.hierarchy.for.customer.level.2,model_tt_customer_job_hierarchy,tt_base.group_customer_level_2,1,0,1,0
access_tt_customer_job_hierarchy_for_customer_level_3,tt.customer.job.hierarchy.for.customer.level.3,model_tt_customer_job_hierarchy,tt_base.group_customer_level_3,1,1,1,1
access_tt_customer_job_hierarchy_for_customer_level_4,tt.customer.job.hierarchy.for.customer.level.4,model_tt_customer_job_hierarchy,tt_base.group_customer_level_4,1,1,1,1
access_tt_customer_job_hierarchy_for_customer_level_5,tt.customer.job.hierarchy.for.customer.level.5,model_tt_customer_job_hierarchy,tt_base.group_customer_level_5,1,1,1,1
,,,,,,,
access_tt_customer_for_public,tt.customer.for.public,model_tt_customer,,1,0,0,0
,,,,,,,
access_tt_customer_for_customer_level_1,tt.customer.for.customer.level.1,model_tt_customer,tt_base.group_customer_level_1,1,0,0,0
access_tt_customer_for_customer_level_2,tt.customer.for.customer.level.2,model_tt_customer,tt_base.group_customer_level_2,1,0,1,0
access_tt_customer_for_customer_level_3,tt.customer.for.customer.level.3,model_tt_customer,tt_base.group_customer_level_3,1,1,1,1
access_tt_customer_for_customer_level_4,tt.customer.for.customer.level.4,model_tt_customer,tt_base.group_customer_level_4,1,1,1,1
access_tt_customer_for_customer_level_5,tt.customer.for.customer.level.5,model_tt_customer,tt_base.group_customer_level_5,1,1,1,1
,,,,,,,
access_tt_customer_identity_for_public,tt.customer.identity.for.public,model_tt_customer_identity,,1,1,1,1
,,,,,,,
access_tt_customer_identity_for_customer_level_1,tt.customer.identity.for.customer.level.1,model_tt_customer_identity,tt_base.group_customer_level_1,1,0,0,0
access_tt_customer_identity_for_customer_level_2,tt.customer.identity.for.customer.level.2,model_tt_customer_identity,tt_base.group_customer_level_2,1,0,1,0
access_tt_customer_identity_for_customer_level_3,tt.customer.identity.for.customer.level.3,model_tt_customer_identity,tt_base.group_customer_level_3,1,1,1,0
access_tt_customer_identity_for_customer_level_4,tt.customer.identity.for.customer.level.4,model_tt_customer_identity,tt_base.group_customer_level_4,1,1,1,0
access_tt_customer_identity_for_customer_level_5,tt.customer.identity.for.customer.level.5,model_tt_customer_identity,tt_base.group_customer_level_5,1,1,1,1
,,,,,,,
access_tt_customer_behavior_for_public,tt.customer.behavior.for.public,model_tt_customer_behavior,,1,0,0,0
,,,,,,,
access_tt_customer_behavior_for_customer_level_1,tt.customer.behavior.for.customer.level.1,model_tt_customer_behavior,tt_base.group_customer_level_1,1,0,0,0
access_tt_customer_behavior_for_customer_level_2,tt.customer.behavior.for.customer.level.2,model_tt_customer_behavior,tt_base.group_customer_level_2,1,0,1,0
access_tt_customer_behavior_for_customer_level_3,tt.customer.behavior.for.customer.level.3,model_tt_customer_behavior,tt_base.group_customer_level_3,1,1,1,0
access_tt_customer_behavior_for_customer_level_4,tt.customer.behavior.for.customer.level.4,model_tt_customer_behavior,tt_base.group_customer_level_4,1,1,1,0
access_tt_customer_behavior_for_customer_level_5,tt.customer.behavior.for.customer.level.5,model_tt_customer_behavior,tt_base.group_customer_level_5,1,1,1,1
,,,,,,,
access_tt_customer_frequent_flyer_for_public,tt.customer.frequent.flyer.for.public,model_tt_customer_frequent_flyer,,1,0,0,0
,,,,,,,
access_tt_customer_frequent_flyer_for_customer_level_1,tt.customer.frequent.flyer.for.customer.level.1,model_tt_customer_frequent_flyer,tt_base.group_customer_level_1,1,0,0,0
access_tt_customer_frequent_flyer_for_customer_level_2,tt.customer.frequent.flyer.for.customer.level.2,model_tt_customer_frequent_flyer,tt_base.group_customer_level_2,1,0,1,0
access_tt_customer_frequent_flyer_for_customer_level_3,tt.customer.frequent.flyer.for.customer.level.3,model_tt_customer_frequent_flyer,tt_base.group_customer_level_3,1,1,1,0
access_tt_customer_frequent_flyer_for_customer_level_4,tt.customer.frequent.flyer.for.customer.level.4,model_tt_customer_frequent_flyer,tt_base.group_customer_level_4,1,1,1,0
access_tt_customer_frequent_flyer_for_customer_level_5,tt.customer.frequent.flyer.for.customer.level.5,model_tt_customer_frequent_flyer,tt_base.group_customer_level_5,1,1,1,1
,,,,,,,
access_tt_employee_for_public,tt_employee_for_public,model_tt_employee,,1,0,0,0
,,,,,,,
access_tt_employee_for_agent_level_1,tt_employee_for_agent_level_1,model_tt_employee,tt_base.group_agent_level_1,1,0,0,0
access_tt_employee_for_agent_level_2,tt_employee_for_agent_level_2,model_tt_employee,tt_base.group_agent_level_2,1,0,1,0
access_tt_employee_for_agent_level_3,tt_employee_for_agent_level_3,model_tt_employee,tt_base.group_agent_level_3,1,1,1,0
access_tt_employee_for_agent_level_4,tt_employee_for_agent_level_4,model_tt_employee,tt_base.group_agent_level_4,1,1,1,0
access_tt_employee_for_agent_level_5,tt_employee_for_agent_level_5,model_tt_employee,tt_base.group_agent_level_5,1,1,1,1
,,,,,,,
access_tt_employee_for_master_data_tour_level_1,tt_employee_for_master_data_tour_level_1,model_tt_employee,tt_base.group_master_data_tour_level_1,1,0,0,0
access_tt_employee_for_master_data_tour_level_2,tt_employee_for_master_data_tour_level_2,model_tt_employee,tt_base.group_master_data_tour_level_2,1,0,1,0
access_tt_employee_for_master_data_tour_level_3,tt_employee_for_master_data_tour_level_3,model_tt_employee,tt_base.group_master_data_tour_level_3,1,1,1,0
access_tt_employee_for_master_data_tour_level_4,tt_employee_for_master_data_tour_level_4,model_tt_employee,tt_base.group_master_data_tour_level_4,1,1,1,0
access_tt_employee_for_master_data_tour_level_5,tt_employee_for_master_data_tour_level_5,model_tt_employee,tt_base.group_master_data_tour_level_5,1,1,1,1
,,,,,,,
access_res_district_for_public,res.district.for.public,model_res_district,,1,0,0,0
,,,,,,,
access_res_district_for_location_level_1,res.district.for.location.level.1,model_res_district,tt_base.group_location_level_1,1,0,0,0
access_res_district_for_location_level_2,res.district.for.location.level.2,model_res_district,tt_base.group_location_level_2,1,0,1,0
access_res_district_for_location_level_3,res.district.for.location.level.3,model_res_district,tt_base.group_location_level_3,1,1,1,0
access_res_district_for_location_level_4,res.district.for.location.level.4,model_res_district,tt_base.group_location_level_4,1,1,1,0
access_res_district_for_location_level_5,res.district.for.location.level.5,model_res_district,tt_base.group_location_level_5,1,1,1,1
,,,,,,,
access_res_sub_district_for_public,res.sub.district.for.public,model_res_sub_district,,1,0,0,0
,,,,,,,
access_res_sub_district_for_location_level_1,res.sub.district.for.location.level.1,model_res_sub_district,tt_base.group_location_level_1,1,0,0,0
access_res_sub_district_for_location_level_2,res.sub.district.for.location.level.2,model_res_sub_district,tt_base.group_location_level_2,1,0,1,0
access_res_sub_district_for_location_level_3,res.sub.district.for.location.level.3,model_res_sub_district,tt_base.group_location_level_3,1,1,1,0
access_res_sub_district_for_location_level_4,res.sub.district.for.location.level.4,model_res_sub_district,tt_base.group_location_level_4,1,1,1,0
access_res_sub_district_for_location_level_5,res.sub.district.for.location.level.5,model_res_sub_district,tt_base.group_location_level_5,1,1,1,1
,,,,,,,
access_res_country_for_public,res.country.for.public,model_res_country,,1,0,0,0
access_res_country_for_location_level_1,res.country.for.location.level.1,model_res_country,tt_base.group_location_level_1,1,0,0,0
access_res_country_for_location_level_2,res.country.for.location.level.2,model_res_country,tt_base.group_location_level_2,1,0,1,0
access_res_country_for_location_level_3,res.country.for.location.level.3,model_res_country,tt_base.group_location_level_3,1,1,1,0
access_res_country_for_location_level_4,res.country.for.location.level.4,model_res_country,tt_base.group_location_level_4,1,1,1,0
access_res_country_for_location_level_5,res.country.for.location.level.5,model_res_country,tt_base.group_location_level_5,1,1,1,1
,,,,,,,
access_res_country_state_for_public,res.country.state.for.public,model_res_country_state,,1,0,0,0
access_res_country_state_for_location_level_1,res.country.state.for.location.level.1,model_res_country_state,tt_base.group_location_level_1,1,0,0,0
access_res_country_state_for_location_level_2,res.country.state.for.location.level.2,model_res_country_state,tt_base.group_location_level_2,1,0,1,0
access_res_country_state_for_location_level_3,res.country.state.for.location.level.3,model_res_country_state,tt_base.group_location_level_3,1,1,1,0
access_res_country_state_for_location_level_4,res.country.state.for.location.level.4,model_res_country_state,tt_base.group_location_level_4,1,1,1,0
access_res_country_state_for_location_level_5,res.country.state.for.location.level.5,model_res_country_state,tt_base.group_location_level_5,1,1,1,1
,,,,,,,
access_res_city_for_public,res.city.for.public,model_res_city,,1,0,0,0
access_res_city_for_location_level_1,res.city.for.location.level.1,model_res_city,tt_base.group_location_level_1,1,0,0,0
access_res_city_for_location_level_2,res.city.for.location.level.2,model_res_city,tt_base.group_location_level_2,1,0,1,0
access_res_city_for_location_level_3,res.city.for.location.level.3,model_res_city,tt_base.group_location_level_3,1,1,1,0
access_res_city_for_location_level_4,res.city.for.location.level.4,model_res_city,tt_base.group_location_level_4,1,1,1,0
access_res_city_for_location_level_5,res.city.for.location.level.5,model_res_city,tt_base.group_location_level_5,1,1,1,1
,,,,,,,
access_social_media_detail_for_public,social.media.detail.for.public,model_social_media_detail,,1,0,0,0
,,,,,,,
access_social_media_detail_for_social_info_level_1,social.media.detail.for.social.info.level.1,model_social_media_detail,tt_base.group_social_info_level_1,1,0,0,0
access_social_media_detail_for_social_info_level_2,social.media.detail.for.social.info.level.2,model_social_media_detail,tt_base.group_social_info_level_2,1,0,1,0
access_social_media_detail_for_social_info_level_3,social.media.detail.for.social.info.level.3,model_social_media_detail,tt_base.group_social_info_level_3,1,1,1,0
access_social_media_detail_for_social_info_level_4,social.media.detail.for.social.info.level.4,model_social_media_detail,tt_base.group_social_info_level_4,1,1,1,0
access_social_media_detail_for_social_info_level_5,social.media.detail.for.social.info.level.5,model_social_media_detail,tt_base.group_social_info_level_5,1,1,1,1
,,,,,,,
access_tt_social_media_type_for_public,social.media.type.for.public,model_res_social_media_type,,1,0,0,0
,,,,,,,
access_tt_social_media_type_for_social_info_level_1,social.media.type.for.social.info.level.1,model_res_social_media_type,tt_base.group_social_info_level_1,1,0,0,0
access_tt_social_media_type_for_social_info_level_2,social.media.type.for.social.info.level.2,model_res_social_media_type,tt_base.group_social_info_level_2,1,0,1,0
access_tt_social_media_type_for_social_info_level_3,social.media.type.for.social.info.level.3,model_res_social_media_type,tt_base.group_social_info_level_3,1,1,1,0
access_tt_social_media_type_for_social_info_level_4,social.media.type.for.social.info.level.4,model_res_social_media_type,tt_base.group_social_info_level_4,1,1,1,0
access_tt_social_media_type_for_social_info_level_5,social.media.type.for.social.info.level.5,model_res_social_media_type,tt_base.group_social_info_level_5,1,1,1,1
,,,,,,,
access_res_users_for_public,res.users.for.public,model_res_users,,1,0,0,0
access_res_users_for_access_rights,res.users.for.access.rights,model_res_users,base.group_erp_manager,1,1,1,1
,,,,,,,
access_res_users_for_user_data_level_1,res.users.for.user.data.level.1,model_res_users,tt_base.group_user_data_level_1,1,0,0,0
access_res_users_for_user_data_level_2,res.users.for.user.data.level.2,model_res_users,tt_base.group_user_data_level_2,1,0,1,0
access_res_users_for_user_data_level_3,res.users.for.user.data.level.3,model_res_users,tt_base.group_user_data_level_3,1,1,1,0
access_res_users_for_user_data_level_4,res.users.for.user.data.level.4,model_res_users,tt_base.group_user_data_level_4,1,1,1,0
access_res_users_for_user_data_level_5,res.users.for.user.data.level.5,model_res_users,tt_base.group_user_data_level_5,1,1,1,1
,,,,,,,
access_res_partner_for_user_data_level_1,res.partner.for.user.data.level.1,model_res_partner,tt_base.group_user_data_level_1,1,0,0,0
access_res_partner_for_user_data_level_2,res.partner.for.user.data.level.2,model_res_partner,tt_base.group_user_data_level_2,1,0,1,0
access_res_partner_for_user_data_level_3,res.partner.for.user.data.level.3,model_res_partner,tt_base.group_user_data_level_3,1,1,1,0
access_res_partner_for_user_data_level_4,res.partner.for.user.data.level.4,model_res_partner,tt_base.group_user_data_level_4,1,1,1,0
access_res_partner_for_user_data_level_5,res.partner.for.user.data.level.5,model_res_partner,tt_base.group_user_data_level_5,1,1,1,1
,,,,,,,
tt_destinations_for_public,tt.destinations.for.public,model_tt_destinations,,1,0,0,0
,,,,,,,
tt_destinations_for_destination_level_1,tt.destinations.for.destination.level.1,model_tt_destinations,tt_base.group_destination_level_1,1,0,0,0
tt_destinations_for_destination_level_2,tt.destinations.for.destination.level.2,model_tt_destinations,tt_base.group_destination_level_2,1,0,1,0
tt_destinations_for_destination_level_3,tt.destinations.for.destination.level.3,model_tt_destinations,tt_base.group_destination_level_3,1,1,1,0
tt_destinations_for_destination_level_4,tt.destinations.for.destination.level.4,model_tt_destinations,tt_base.group_destination_level_4,1,1,1,1
tt_destinations_for_destination_level_5,tt.destinations.for.destination.level.5,model_tt_destinations,tt_base.group_destination_level_5,1,1,1,1
,,,,,,,
tt_transport_carrier_for_public,tt.transport.carrier.for.public,model_tt_transport_carrier,,1,0,0,0
,,,,,,,
tt_transport_carrier_for_transport_carrier_level_1,tt.transport.carrier.for.transport.carrier.level.1,model_tt_transport_carrier,tt_base.group_transport_carrier_level_1,1,0,1,1
tt_transport_carrier_for_transport_carrier_level_2,tt.transport.carrier.for.transport.carrier.level.2,model_tt_transport_carrier,tt_base.group_transport_carrier_level_2,1,0,1,0
tt_transport_carrier_for_transport_carrier_level_3,tt.transport.carrier.for.transport.carrier.level.3,model_tt_transport_carrier,tt_base.group_transport_carrier_level_3,1,1,1,0
tt_transport_carrier_for_transport_carrier_level_4,tt.transport.carrier.for.transport.carrier.level.4,model_tt_transport_carrier,tt_base.group_transport_carrier_level_4,1,1,1,0
tt_transport_carrier_for_transport_carrier_level_5,tt.transport.carrier.for.transport.carrier.level.5,model_tt_transport_carrier,tt_base.group_transport_carrier_level_5,1,1,1,1
,,,,,,,
tt_transport_carrier_type_for_public,tt.transport.carrier.type.for.public,model_tt_transport_carrier_type,,1,0,0,0
,,,,,,,
tt_transport_carrier_type_for_transport_carrier_type_level_1,tt.transport.carrier.type.for.transport.carrier.type.level.1,model_tt_transport_carrier_type,tt_base.group_transport_carrier_level_1,1,0,0,0
tt_transport_carrier_type_for_transport_carrier_type_level_2,tt.transport.carrier.type.for.transport.carrier.type.level.2,model_tt_transport_carrier_type,tt_base.group_transport_carrier_level_2,1,0,1,0
tt_transport_carrier_type_for_transport_carrier_type_level_3,tt.transport.carrier.type.for.transport.carrier.type.level.3,model_tt_transport_carrier_type,tt_base.group_transport_carrier_level_3,1,1,1,0
tt_transport_carrier_type_for_transport_carrier_type_level_4,tt.transport.carrier.type.for.transport.carrier.type.level.4,model_tt_transport_carrier_type,tt_base.group_transport_carrier_level_4,1,1,1,0
tt_transport_carrier_type_for_transport_carrier_type_level_5,tt.transport.carrier.type.for.transport.carrier.type.level.5,model_tt_transport_carrier_type,tt_base.group_transport_carrier_level_5,1,1,1,1
,,,,,,,
access_tt_routes_for_public,tt.routes.for.public,model_tt_routes,,1,1,1,1
,,,,,,,
access_tt_routes_for_route_level_1,tt.routes.for.route.level.1,model_tt_routes,tt_base.group_route_level_1,1,0,0,0
access_tt_routes_for_route_level_2,tt.routes.for.route.level.2,model_tt_routes,tt_base.group_route_level_2,1,0,1,0
access_tt_routes_for_route_level_3,tt.routes.for.route.level.3,model_tt_routes,tt_base.group_route_level_3,1,1,1,0
access_tt_routes_for_route_level_4,tt.routes.for.route.level.4,model_tt_routes,tt_base.group_route_level_4,1,1,1,0
access_tt_routes_for_route_level_5,tt.routes.for.route.level.5,model_tt_routes,tt_base.group_route_level_5,1,1,1,1
,,,,,,,
access_tt_routes_leg_for_public,tt.routes.leg.for.public,model_tt_routes_leg,,1,1,1,1
,,,,,,,
access_tt_routes_leg_for_route_level_1,tt.routes.leg.for.route.level.1,model_tt_routes_leg,tt_base.group_route_level_1,1,0,0,0
access_tt_routes_leg_for_route_level_2,tt.routes.leg.for.route.level.2,model_tt_routes_leg,tt_base.group_route_level_2,1,0,1,0
access_tt_routes_leg_for_route_level_3,tt.routes.leg.for.route.level.3,model_tt_routes_leg,tt_base.group_route_level_3,1,1,1,0
access_tt_routes_leg_for_route_level_4,tt.routes.leg.for.route.level.4,model_tt_routes_leg,tt_base.group_route_level_4,1,1,1,0
access_tt_routes_leg_for_route_level_5,tt.routes.leg.for.route.level.5,model_tt_routes_leg,tt_base.group_route_level_5,1,1,1,1
,,,,,,,
access_tt_routes_segment_for_public,tt.routes.segment.for.public,model_tt_routes_segment,,1,1,1,1
,,,,,,,
access_tt_routes_segment_for_route_level_1,tt.routes.segment.for.route.level.1,model_tt_routes_segment,tt_base.group_route_level_1,1,0,0,0
access_tt_routes_segment_for_route_level_2,tt.routes.segment.for.route.level.2,model_tt_routes_segment,tt_base.group_route_level_2,1,0,1,0
access_tt_routes_segment_for_route_level_3,tt.routes.segment.for.route.level.3,model_tt_routes_segment,tt_base.group_route_level_3,1,1,1,0
access_tt_routes_segment_for_route_level_4,tt.routes.segment.for.route.level.4,model_tt_routes_segment,tt_base.group_route_level_4,1,1,1,0
access_tt_routes_segment_for_route_level_5,tt.routes.segment.for.route.level.5,model_tt_routes_segment,tt_base.group_route_level_5,1,1,1,1
,,,,,,,
access_tt_routes_schedule_for_public,tt.routes.schedule.for.public,model_tt_routes_schedule,,1,1,1,1
,,,,,,,
access_tt_routes_schedule_for_route_level_1,tt.routes.schedule.for.route.level.1,model_tt_routes_schedule,tt_base.group_route_level_1,1,0,0,0
access_tt_routes_schedule_for_route_level_2,tt.routes.schedule.for.route.level.2,model_tt_routes_schedule,tt_base.group_route_level_2,1,0,1,0
access_tt_routes_schedule_for_route_level_3,tt.routes.schedule.for.route.level.3,model_tt_routes_schedule,tt_base.group_route_level_3,1,1,1,0
access_tt_routes_schedule_for_route_level_4,tt.routes.schedule.for.route.level.4,model_tt_routes_schedule,tt_base.group_route_level_4,1,1,1,0
access_tt_routes_schedule_for_route_level_5,tt.routes.schedule.for.route.level.5,model_tt_routes_schedule,tt_base.group_route_level_5,1,1,1,1
,,,,,,,
access_tt_routes_journey_for_public,tt.routes.journey.for.public,model_tt_routes_journey,,1,1,1,1
,,,,,,,
access_tt_routes_journey_for_route_level_1,tt.routes.journey.for.route.level.1,model_tt_routes_journey,tt_base.group_route_level_1,1,0,0,0
access_tt_routes_journey_for_route_level_2,tt.routes.journey.for.route.level.2,model_tt_routes_journey,tt_base.group_route_level_2,1,0,1,0
access_tt_routes_journey_for_route_level_3,tt.routes.journey.for.route.level.3,model_tt_routes_journey,tt_base.group_route_level_3,1,1,1,0
access_tt_routes_journey_for_route_level_4,tt.routes.journey.for.route.level.4,model_tt_routes_journey,tt_base.group_route_level_4,1,1,1,0
access_tt_routes_journey_for_route_level_5,tt.routes.journey.for.route.level.5,model_tt_routes_journey,tt_base.group_route_level_5,1,1,1,1
,,,,,,,
access_tt_routes_fare_for_public,tt.routes.fare.for.public,model_tt_routes_fare,,1,1,1,1
,,,,,,,
access_tt_routes_fare_for_route_level_1,tt.routes.fare.for.route.level.1,model_tt_routes_fare,tt_base.group_route_level_1,1,0,0,0
access_tt_routes_fare_for_route_level_2,tt.routes.fare.for.route.level.2,model_tt_routes_fare,tt_base.group_route_level_2,1,0,1,0
access_tt_routes_fare_for_route_level_3,tt.routes.fare.for.route.level.3,model_tt_routes_fare,tt_base.group_route_level_3,1,1,1,0
access_tt_routes_fare_for_route_level_4,tt.routes.fare.for.route.level.4,model_tt_routes_fare,tt_base.group_route_level_4,1,1,1,0
access_tt_routes_fare_for_route_level_5,tt.routes.fare.for.route.level.5,model_tt_routes_fare,tt_base.group_route_level_5,1,1,1,1
,,,,,,,
access_tt_routes_pax_fare_for_public,tt.routes.pax.fare.for.public,model_tt_routes_pax_fare,,1,1,1,1
,,,,,,,
access_tt_routes_pax_fare_for_route_level_1,tt.routes.pax.fare.for.route.level.1,model_tt_routes_pax_fare,tt_base.group_route_level_1,1,0,0,0
access_tt_routes_pax_fare_for_route_level_2,tt.routes.pax.fare.for.route.level.2,model_tt_routes_pax_fare,tt_base.group_route_level_2,1,0,1,0
access_tt_routes_pax_fare_for_route_level_3,tt.routes.pax.fare.for.route.level.3,model_tt_routes_pax_fare,tt_base.group_route_level_3,1,1,1,0
access_tt_routes_pax_fare_for_route_level_4,tt.routes.pax.fare.for.route.level.4,model_tt_routes_pax_fare,tt_base.group_route_level_4,1,1,1,0
access_tt_routes_pax_fare_for_route_level_5,tt.routes.pax.fare.for.route.level.5,model_tt_routes_pax_fare,tt_base.group_route_level_5,1,1,1,1
,,,,,,,
access_tt_routes_fare_detail_for_public,tt.routes.fare.detail.for.public,model_tt_routes_fare_detail,,1,1,1,1
,,,,,,,
access_tt_routes_fare_detail_for_route_level_1,tt.routes.fare.detail.for.route.level.1,model_tt_routes_fare_detail,tt_base.group_route_level_1,1,0,0,0
access_tt_routes_fare_detail_for_route_level_2,tt.routes.fare.detail.for.route.level.2,model_tt_routes_fare_detail,tt_base.group_route_level_2,1,0,1,0
access_tt_routes_fare_detail_for_route_level_3,tt.routes.fare.detail.for.route.level.3,model_tt_routes_fare_detail,tt_base.group_route_level_3,1,1,1,0
access_tt_routes_fare_detail_for_route_level_4,tt.routes.fare.detail.for.route.level.4,model_tt_routes_fare_detail,tt_base.group_route_level_4,1,1,1,0
access_tt_routes_fare_detail_for_route_level_5,tt.routes.fare.detail.for.route.level.5,model_tt_routes_fare_detail,tt_base.group_route_level_5,1,1,1,1
,,,,,,,
access_tt_routes_service_charge_for_public,tt.routes.service.charge.for.public,model_tt_routes_service_charge,,1,1,1,1
,,,,,,,
access_tt_routes_service_charge_for_route_level_1,tt.routes.service.charge.for.route.level.1,model_tt_routes_service_charge,tt_base.group_route_level_1,1,0,0,0
access_tt_routes_service_charge_for_route_level_2,tt.routes.service.charge.for.route.level.2,model_tt_routes_service_charge,tt_base.group_route_level_2,1,0,1,0
access_tt_routes_service_charge_for_route_level_3,tt.routes.service.charge.for.route.level.3,model_tt_routes_service_charge,tt_base.group_route_level_3,1,1,1,0
access_tt_routes_service_charge_for_route_level_4,tt.routes.service.charge.for.route.level.4,model_tt_routes_service_charge,tt_base.group_route_level_4,1,1,1,0
access_tt_routes_service_charge_for_route_level_5,tt.routes.service.charge.for.route.level.5,model_tt_routes_service_charge,tt_base.group_route_level_5,1,1,1,1
,,,,,,,
access_payment_acquirer_for_public,payment.acquirer.for.public,model_payment_acquirer,,1,0,0,0
,,,,,,,
access_payment_acquirer_for_payment_acquirer_level_1,payment.acquirer.for.payment.acquirer.level.1,model_payment_acquirer,tt_base.group_payment_acquirer_level_1,1,0,0,0
access_payment_acquirer_for_payment_acquirer_level_2,payment.acquirer.for.payment.acquirer.level.2,model_payment_acquirer,tt_base.group_payment_acquirer_level_2,1,0,1,0
access_payment_acquirer_for_payment_acquirer_level_3,payment.acquirer.for.payment.acquirer.level.3,model_payment_acquirer,tt_base.group_payment_acquirer_level_3,1,1,1,0
access_payment_acquirer_for_payment_acquirer_level_4,payment.acquirer.for.payment.acquirer.level.4,model_payment_acquirer,tt_base.group_payment_acquirer_level_4,1,1,1,0
access_payment_acquirer_for_payment_acquirer_level_5,payment.acquirer.for.payment.acquirer.level.5,model_payment_acquirer,tt_base.group_payment_acquirer_level_5,1,1,1,1
,,,,,,,
access_payment_acquirer_number_for_public,payment.acquirer.for.public,model_payment_acquirer_number,,1,0,0,0
,,,,,,,
access_payment_acquirer_number_for_payment_acquirer_level_1,payment.acquirer.number.for.payment.acquirer.level.1,model_payment_acquirer_number,tt_base.group_payment_acquirer_level_1,1,0,0,0
access_payment_acquirer_number_for_payment_acquirer_level_2,payment.acquirer.number.for.payment.acquirer.level.2,model_payment_acquirer_number,tt_base.group_payment_acquirer_level_2,1,0,1,0
access_payment_acquirer_number_for_payment_acquirer_level_3,payment.acquirer.number.for.payment.acquirer.level.3,model_payment_acquirer_number,tt_base.group_payment_acquirer_level_3,1,1,1,0
access_payment_acquirer_number_for_payment_acquirer_level_4,payment.acquirer.number.for.payment.acquirer.level.4,model_payment_acquirer_number,tt_base.group_payment_acquirer_level_4,1,1,1,0
access_payment_acquirer_number_for_payment_acquirer_level_5,payment.acquirer.number.for.payment.acquirer.level.5,model_payment_acquirer_number,tt_base.group_payment_acquirer_level_5,1,1,1,1
,,,,,,,
access_unique_amount_for_public,unique.amount,model_unique_amount,,1,0,0,0
access_unique_amount_for_admin,unique.amount,model_unique_amount,base.group_system,1,1,1,1
,,,,,,,
access_unique_amount_for_unique_amount_level_1,unique.amount.for.unique.amount.level.1,model_unique_amount,tt_base.group_unique_amount_level_1,1,0,0,0
access_unique_amount_for_unique_amount_level_2,unique.amount.for.unique.amount.level.2,model_unique_amount,tt_base.group_unique_amount_level_2,1,0,1,0
access_unique_amount_for_unique_amount_level_3,unique.amount.for.unique.amount.level.3,model_unique_amount,tt_base.group_unique_amount_level_3,1,1,1,0
access_unique_amount_for_unique_amount_level_4,unique.amount.for.unique.amount.level.4,model_unique_amount,tt_base.group_unique_amount_level_4,1,1,1,0
access_unique_amount_for_unique_amount_level_5,unique.amount.for.unique.amount.level.5,model_unique_amount,tt_base.group_unique_amount_level_5,1,1,1,1
,,,,,,,
access_tt_bank_for_public,tt.bank.for.public,model_tt_bank,,1,0,0,0
,,,,,,,
access_tt_bank_for_bank_level_1,tt.bank.for.bank.level.1,model_tt_bank,tt_base.group_bank_level_1,1,0,0,0
access_tt_bank_for_bank_level_2,tt.bank.for.bank.level.2,model_tt_bank,tt_base.group_bank_level_2,1,0,1,0
access_tt_bank_for_bank_level_3,tt.bank.for.bank.level.3,model_tt_bank,tt_base.group_bank_level_3,1,1,1,0
access_tt_bank_for_bank_level_4,tt.bank.for.bank.level.4,model_tt_bank,tt_base.group_bank_level_4,1,1,1,0
access_tt_bank_for_bank_level_5,tt.bank.for.bank.level.5,model_tt_bank,tt_base.group_bank_level_5,1,1,1,1
,,,,,,,
access_agent_bank_detail_for_public,agent.bank.detail.for.public,model_agent_bank_detail,,1,0,0,0
,,,,,,,
access_agent_bank_detail_for_agent_bank_detail_level_1,agent.bank.detail.for.agent.bank.detail.level.1,model_agent_bank_detail,tt_base.group_agent_bank_detail_level_1,1,0,0,0
access_agent_bank_detail_for_agent_bank_detail_level_2,agent.bank.detail.for.agent.bank.detail.level.2,model_agent_bank_detail,tt_base.group_agent_bank_detail_level_2,1,0,1,0
access_agent_bank_detail_for_agent_bank_detail_level_3,agent.bank.detail.for.agent.bank.detail.level.3,model_agent_bank_detail,tt_base.group_agent_bank_detail_level_3,1,1,1,0
access_agent_bank_detail_for_agent_bank_detail_level_4,agent.bank.detail.for.agent.bank.detail.level.4,model_agent_bank_detail,tt_base.group_agent_bank_detail_level_4,1,1,1,0
access_agent_bank_detail_for_agent_bank_detail_level_5,agent.bank.detail.for.agent.bank.detail.level.5,model_agent_bank_detail,tt_base.group_agent_bank_detail_level_5,1,1,1,1
,,,,,,,
access_customer_bank_detail_for_public,customer.bank.detail.for.public,model_customer_bank_detail,,1,0,0,0
,,,,,,,
access_customer_bank_detail_for_customer_bank_detail_level_1,customer.bank.detail.for.customer.bank.detail.level.1,model_customer_bank_detail,tt_base.group_customer_bank_detail_level_1,1,0,0,0
access_customer_bank_detail_for_customer_bank_detail_level_2,customer.bank.detail.for.customer.bank.detail.level.2,model_customer_bank_detail,tt_base.group_customer_bank_detail_level_2,1,0,1,0
access_customer_bank_detail_for_customer_bank_detail_level_3,customer.bank.detail.for.customer.bank.detail.level.3,model_customer_bank_detail,tt_base.group_customer_bank_detail_level_3,1,1,1,0
access_customer_bank_detail_for_customer_bank_detail_level_4,customer.bank.detail.for.customer.bank.detail.level.4,model_customer_bank_detail,tt_base.group_customer_bank_detail_level_4,1,1,1,0
access_customer_bank_detail_for_customer_bank_detail_level_5,customer.bank.detail.for.customer.bank.detail.level.5,model_customer_bank_detail,tt_base.group_customer_bank_detail_level_5,1,1,1,1
,,,,,,,
access_tt_provider_rate_for_public,tt.provider.rate.for.public,model_tt_provider_rate,,1,0,0,0
,,,,,,,
access_tt_provider_rate_for_currency_rate_level_1,tt.provider.rate.for.currency.rate.level.1,model_tt_provider_rate,tt_base.group_currency_rate_level_1,1,0,0,0
access_tt_provider_rate_for_currency_rate_level_2,tt.provider.rate.for.currency.rate.level.2,model_tt_provider_rate,tt_base.group_currency_rate_level_2,1,0,1,0
access_tt_provider_rate_for_currency_rate_level_3,tt.provider.rate.for.currency.rate.level.3,model_tt_provider_rate,tt_base.group_currency_rate_level_3,1,1,1,0
access_tt_provider_rate_for_currency_rate_level_4,tt.provider.rate.for.currency.rate.level.4,model_tt_provider_rate,tt_base.group_currency_rate_level_4,1,1,1,0
access_tt_provider_rate_for_currency_rate_level_5,tt.provider.rate.for.currency.rate.level.5,model_tt_provider_rate,tt_base.group_currency_rate_level_5,1,1,1,1
,,,,,,,
access_tt_agent_rate_for_public,tt.provider.rate.for.public,model_tt_agent_rate,,1,0,0,0
,,,,,,,
access_tt_agent_rate_for_currency_rate_level_1,tt.provider.rate.for.currency.rate.level.1,model_tt_agent_rate,tt_base.group_currency_rate_level_1,1,0,0,0
access_tt_agent_rate_for_currency_rate_level_2,tt.provider.rate.for.currency.rate.level.2,model_tt_agent_rate,tt_base.group_currency_rate_level_2,1,0,1,0
access_tt_agent_rate_for_currency_rate_level_3,tt.provider.rate.for.currency.rate.level.3,model_tt_agent_rate,tt_base.group_currency_rate_level_3,1,1,1,0
access_tt_agent_rate_for_currency_rate_level_4,tt.provider.rate.for.currency.rate.level.4,model_tt_agent_rate,tt_base.group_currency_rate_level_4,1,1,1,0
access_tt_agent_rate_for_currency_rate_level_5,tt.provider.rate.for.currency.rate.level.5,model_tt_agent_rate,tt_base.group_currency_rate_level_5,1,1,1,1
,,,,,,,
access_res_currency_for_public,res.currency.for.public,model_res_currency,,1,0,0,0
,,,,,,,
access_res_currency_for_currency_rate_level_1,res.currency.for.currency.rate.level.1,model_res_currency,tt_base.group_currency_rate_level_1,1,0,0,0
access_res_currency_for_currency_rate_level_2,res.currency.for.currency.rate.level.2,model_res_currency,tt_base.group_currency_rate_level_2,1,0,1,0
access_res_currency_for_currency_rate_level_3,res.currency.for.currency.rate.level.3,model_res_currency,tt_base.group_currency_rate_level_3,1,1,1,0
access_res_currency_for_currency_rate_level_4,res.currency.for.currency.rate.level.4,model_res_currency,tt_base.group_currency_rate_level_4,1,1,1,0
access_res_currency_for_currency_rate_level_5,res.currency.for.currency.rate.level.5,model_res_currency,tt_base.group_currency_rate_level_5,1,1,1,1
,,,,,,,
access_tt_provider_ledger_for_public,tt.provider.ledger.for.public,model_tt_provider_ledger,,1,0,0,0
,,,,,,,
access_tt_provider_ledger_for_ledger_level_1,tt.provider.ledger.for.ledger.level.1,model_tt_provider_ledger,tt_base.group_ledger_level_1,1,0,0,0
access_tt_provider_ledger_for_ledger_level_2,tt.provider.ledger.for.ledger.level.2,model_tt_provider_ledger,tt_base.group_ledger_level_2,1,0,1,0
access_tt_provider_ledger_for_ledger_level_3,tt.provider.ledger.for.ledger.level.3,model_tt_provider_ledger,tt_base.group_ledger_level_3,1,1,1,0
access_tt_provider_ledger_for_ledger_level_4,tt.provider.ledger.for.ledger.level.4,model_tt_provider_ledger,tt_base.group_ledger_level_4,1,1,1,0
access_tt_provider_ledger_for_ledger_level_5,tt.provider.ledger.for.ledger.level.5,model_tt_provider_ledger,tt_base.group_ledger_level_5,1,1,1,1
,,,,,,,
access_address_detail_for_public,address.detail.for.public,model_address_detail,,1,0,0,0
,,,,,,,
access_address_detail_for_social_info_level_1,address.detail.for.social.info.level.1,model_address_detail,tt_base.group_social_info_level_1,1,0,0,0
access_address_detail_for_social_info_level_2,address.detail.for.social.info.level.2,model_address_detail,tt_base.group_social_info_level_2,1,0,1,0
access_address_detail_for_social_info_level_3,address.detail.for.social.info.level.3,model_address_detail,tt_base.group_social_info_level_3,1,1,1,0
access_address_detail_for_social_info_level_4,address.detail.for.social.info.level.4,model_address_detail,tt_base.group_social_info_level_4,1,1,1,0
access_address_detail_for_social_info_level_5,address.detail.for.social.info.level.5,model_address_detail,tt_base.group_social_info_level_5,1,1,1,1
,,,,,,,
access_phone_detail_for_public,phone.detail.for.public,model_phone_detail,,1,0,0,0
,,,,,,,
access_phone_detail_for_social_info_level_1,phone.detail.for.social.info.level.1,model_phone_detail,tt_base.group_social_info_level_1,1,0,0,0
access_phone_detail_for_social_info_level_2,phone.detail.for.social.info.level.2,model_phone_detail,tt_base.group_social_info_level_2,1,0,1,0
access_phone_detail_for_social_info_level_3,phone.detail.for.social.info.level.3,model_phone_detail,tt_base.group_social_info_level_3,1,1,1,0
access_phone_detail_for_social_info_level_4,phone.detail.for.social.info.level.4,model_phone_detail,tt_base.group_social_info_level_4,1,1,1,0
access_phone_detail_for_social_info_level_5,phone.detail.for.social.info.level.5,model_phone_detail,tt_base.group_social_info_level_5,1,1,1,1
,,,,,,,
access_tt_skipped_keys_for_public,tt.skipped.keys.for.public,model_tt_skipped_keys,,1,0,0,0
,,,,,,,
access_tt_skipped_keys_for_history_skip_level_1,tt.skipped.keys.for.history.skip.level.1,model_tt_skipped_keys,tt_base.group_history_skip_level_1,1,0,0,0
access_tt_skipped_keys_for_history_skip_level_2,tt.skipped.keys.for.history.skip.level.2,model_tt_skipped_keys,tt_base.group_history_skip_level_2,1,0,1,0
access_tt_skipped_keys_for_history_skip_level_3,tt.skipped.keys.for.history.skip.level.3,model_tt_skipped_keys,tt_base.group_history_skip_level_3,1,1,1,0
access_tt_skipped_keys_for_history_skip_level_4,tt.skipped.keys.for.history.skip.level.4,model_tt_skipped_keys,tt_base.group_history_skip_level_4,1,1,1,0
access_tt_skipped_keys_for_history_skip_level_5,tt.skipped.keys.for.history.skip.level.5,model_tt_skipped_keys,tt_base.group_history_skip_level_5,1,1,1,1
,,,,,,,
access_tt_history_for_public,tt.history.for.public,model_tt_history,,1,1,1,0
,,,,,,,
access_tt_provider_type_for_public,tt.provider.type.for.public,model_tt_provider_type,,1,0,0,0
,,,,,,,
access_tt_provider_type_for_provider_type_level_1,tt.provider.type.for.provider.type.level.1,model_tt_provider_type,tt_base.group_provider_type_level_1,1,0,1,1
access_tt_provider_type_for_provider_type_level_2,tt.provider.type.for.provider.type.level.2,model_tt_provider_type,tt_base.group_provider_type_level_2,1,0,1,1
access_tt_provider_type_for_provider_type_level_3,tt.provider.type.for.provider.type.level.3,model_tt_provider_type,tt_base.group_provider_type_level_3,1,1,1,1
access_tt_provider_type_for_provider_type_level_4,tt.provider.type.for.provider.type.level.4,model_tt_provider_type,tt_base.group_provider_type_level_4,1,1,1,1
access_tt_provider_type_for_provider_type_level_5,tt.provider.type.for.provider.type.level.5,model_tt_provider_type,tt_base.group_provider_type_level_5,1,1,1,1
,,,,,,,
access_tt_access_activity_for_public,tt.access.activity.for.public,model_tt_access_activity,,1,0,0,0
,,,,,,,
access_tt_access_activity_for_user_data_level_1,tt.access.activity.for.user.data.level.1,model_tt_access_activity,tt_base.group_user_data_level_1,1,0,0,0
access_tt_access_activity_for_user_data_level_2,tt.access.activity.for.user.data.level.2,model_tt_access_activity,tt_base.group_user_data_level_2,1,0,0,0
access_tt_access_activity_for_user_data_level_3,tt.access.activity.for.user.data.level.3,model_tt_access_activity,tt_base.group_user_data_level_3,1,0,0,0
access_tt_access_activity_for_user_data_level_4,tt.access.activity.for.user.data.level.4,model_tt_access_activity,tt_base.group_user_data_level_4,1,0,1,0
access_tt_access_activity_for_user_data_level_5,tt.access.activity.for.user.data.level.5,model_tt_access_activity,tt_base.group_user_data_level_5,1,1,1,1
,,,,,,,
access_tt_provider_for_public,tt.provider.for.public,model_tt_provider,,1,0,0,0
,,,,,,,
access_tt_provider_for_provider_level_1,tt.provider.for.provider.level.1,model_tt_provider,tt_base.group_provider_level_1,1,0,1,1
access_tt_provider_for_provider_level_2,tt.provider.for.provider.level.2,model_tt_provider,tt_base.group_provider_level_2,1,0,1,1
access_tt_provider_for_provider_level_3,tt.provider.for.provider.level.3,model_tt_provider,tt_base.group_provider_level_3,1,1,1,1
access_tt_provider_for_provider_level_4,tt.provider.for.provider.level.4,model_tt_provider,tt_base.group_provider_level_4,1,1,1,1
access_tt_provider_for_provider_level_5,tt.provider.for.provider.level.5,model_tt_provider,tt_base.group_provider_level_5,1,1,1,1
,,,,,,,

access_tt_provider_ho_data_for_public,tt.provider.ho.data.for.public,model_tt_provider_ho_data,,1,0,0,0
,,,,,,,
access_tt_provider_ho_data_for_provider_level_1,tt.provider.ho.data.for.provider.level.1,model_tt_provider_ho_data,tt_base.group_provider_level_1,1,0,1,1
access_tt_provider_ho_data_for_provider_level_2,tt.provider.ho.data.for.provider.level.2,model_tt_provider_ho_data,tt_base.group_provider_level_2,1,0,1,1
access_tt_provider_ho_data_for_provider_level_3,tt.provider.ho.data.for.provider.level.3,model_tt_provider_ho_data,tt_base.group_provider_level_3,1,1,1,1
access_tt_provider_ho_data_for_provider_level_4,tt.provider.ho.data.for.provider.level.4,model_tt_provider_ho_data,tt_base.group_provider_level_4,1,1,1,1
access_tt_provider_ho_data_for_provider_level_5,tt.provider.ho.data.for.provider.level.5,model_tt_provider_ho_data,tt_base.group_provider_level_5,1,1,1,1
,,,,,,,
access_tt_provider_code_for_provider_level_1,tt.provider.code.for.provider.level.1,model_tt_provider_code,tt_base.group_provider_level_1,1,0,0,0
access_tt_provider_code_for_provider_level_2,tt.provider.code.for.provider.level.2,model_tt_provider_code,tt_base.group_provider_level_2,1,0,1,0
access_tt_provider_code_for_provider_level_3,tt.provider.code.for.provider.level.3,model_tt_provider_code,tt_base.group_provider_level_3,1,1,1,0
access_tt_provider_code_for_provider_level_4,tt.provider.code.for.provider.level.4,model_tt_provider_code,tt_base.group_provider_level_4,1,1,1,0
access_tt_provider_code_for_provider_level_5,tt.provider.code.for.provider.level.5,model_tt_provider_code,tt_base.group_provider_level_5,1,1,1,1
,,,,,,,
access_tt_ssr_category_for_public,tt.ssr.category.for.public,model_tt_ssr_category,,1,0,0,0
,,,,,,,
access_tt_ssr_category_for_ssr_level_1,tt.ssr.category.for.ssr.level.1,model_tt_ssr_category,tt_base.group_ssr_level_1,1,0,0,0
access_tt_ssr_category_for_ssr_level_2,tt.ssr.category.for.ssr.level.2,model_tt_ssr_category,tt_base.group_ssr_level_2,1,0,1,0
access_tt_ssr_category_for_ssr_level_3,tt.ssr.category.for.ssr.level.3,model_tt_ssr_category,tt_base.group_ssr_level_3,1,1,1,0
access_tt_ssr_category_for_ssr_level_4,tt.ssr.category.for.ssr.level.4,model_tt_ssr_category,tt_base.group_ssr_level_4,1,1,1,0
access_tt_ssr_category_for_ssr_level_5,tt.ssr.category.for.ssr.level.5,model_tt_ssr_category,tt_base.group_ssr_level_5,1,1,1,1
,,,,,,,
access_tt_ssr_list_for_public,tt.ssr.list.for.public,model_tt_ssr_list,,1,0,0,0
,,,,,,,
access_tt_ssr_list_for_ssr_level_1,tt.ssr.list.for.ssr.level.1,model_tt_ssr_list,tt_base.group_ssr_level_1,1,0,0,0
access_tt_ssr_list_for_ssr_level_2,tt.ssr.list.for.ssr.level.2,model_tt_ssr_list,tt_base.group_ssr_level_2,1,0,1,0
access_tt_ssr_list_for_ssr_level_3,tt.ssr.list.for.ssr.level.3,model_tt_ssr_list,tt_base.group_ssr_level_3,1,1,1,0
access_tt_ssr_list_for_ssr_level_4,tt.ssr.list.for.ssr.level.4,model_tt_ssr_list,tt_base.group_ssr_level_4,1,1,1,0
access_tt_ssr_list_for_ssr_level_5,tt.ssr.list.for.ssr.level.5,model_tt_ssr_list,tt_base.group_ssr_level_5,1,1,1,1
,,,,,,,
access_tt_ssr_list_line_for_public,tt.ssr.list.line.for.public,model_tt_ssr_list_line,,1,0,0,0
,,,,,,,
access_tt_ssr_list_line_for_ssr_level_1,tt.ssr.list.line.for.ssr.level.1,model_tt_ssr_list_line,tt_base.group_ssr_level_1,1,0,0,0
access_tt_ssr_list_line_for_ssr_level_2,tt.ssr.list.line.for.ssr.level.2,model_tt_ssr_list_line,tt_base.group_ssr_level_2,1,0,1,0
access_tt_ssr_list_line_for_ssr_level_3,tt.ssr.list.line.for.ssr.level.3,model_tt_ssr_list_line,tt_base.group_ssr_level_3,1,1,1,0
access_tt_ssr_list_line_for_ssr_level_4,tt.ssr.list.line.for.ssr.level.4,model_tt_ssr_list_line,tt_base.group_ssr_level_4,1,1,1,0
access_tt_ssr_list_line_for_ssr_level_5,tt.ssr.list.line.for.ssr.level.5,model_tt_ssr_list_line,tt_base.group_ssr_level_5,1,1,1,1
,,,,,,,
access_tt_customer_parent_booker_rel_for_customer_parent_level_1,tt.customer.parent.booker.rel.for.customer.parent.level.1,model_tt_customer_parent_booker_rel,tt_base.group_customer_parent_level_1,1,0,0,0
access_tt_customer_parent_booker_rel_for_customer_parent_level_2,tt.customer.parent.booker.rel.for.customer.parent.level.2,model_tt_customer_parent_booker_rel,tt_base.group_customer_parent_level_2,1,0,1,0
access_tt_customer_parent_booker_rel_for_customer_parent_level_3,tt.customer.parent.booker.rel.for.customer.parent.level.3,model_tt_customer_parent_booker_rel,tt_base.group_customer_parent_level_3,1,1,1,1
access_tt_customer_parent_booker_rel_for_customer_parent_level_4,tt.customer.parent.booker.rel.for.customer.parent.level.4,model_tt_customer_parent_booker_rel,tt_base.group_customer_parent_level_4,1,1,1,1
access_tt_customer_parent_booker_rel_for_customer_parent_level_5,tt.customer.parent.booker.rel.for.customer.parent.level.5,model_tt_customer_parent_booker_rel,tt_base.group_customer_parent_level_5,1,1,1,1
,,,,,,,
access_tt_osi_corporate_code_for_customer_parent_level_1,tt.osi.corporate.code.for.customer.parent.level.1,model_tt_osi_corporate_code,tt_base.group_customer_parent_level_1,1,0,0,0
access_tt_osi_corporate_code_for_customer_parent_level_2,tt.osi.corporate.code.for.customer.parent.level.2,model_tt_osi_corporate_code,tt_base.group_customer_parent_level_2,1,0,1,0
access_tt_osi_corporate_code_for_customer_parent_level_3,tt.osi.corporate.code.for.customer.parent.level.3,model_tt_osi_corporate_code,tt_base.group_customer_parent_level_3,1,1,1,1
access_tt_osi_corporate_code_for_customer_parent_level_4,tt.osi.corporate.code.for.customer.parent.level.4,model_tt_osi_corporate_code,tt_base.group_customer_parent_level_4,1,1,1,1
access_tt_osi_corporate_code_for_customer_parent_level_5,tt.osi.corporate.code.for.customer.parent.level.5,model_tt_osi_corporate_code,tt_base.group_customer_parent_level_5,1,1,1,1
,,,,,,,
access_tt_customer_parent_for_public,tt.customer.parent.for.public,model_tt_customer_parent,,1,0,0,0
,,,,,,,
access_tt_customer_parent_for_customer_parent_level_1,tt.customer.parent.for.customer.parent.level.1,model_tt_customer_parent,tt_base.group_customer_parent_level_1,1,0,0,0
access_tt_customer_parent_for_customer_parent_level_2,tt.customer.parent.for.customer.parent.level.2,model_tt_customer_parent,tt_base.group_customer_parent_level_2,1,0,1,0
access_tt_customer_parent_for_customer_parent_level_3,tt.customer.parent.for.customer.parent.level.3,model_tt_customer_parent,tt_base.group_customer_parent_level_3,1,1,1,1
access_tt_customer_parent_for_customer_parent_level_4,tt.customer.parent.for.customer.parent.level.4,model_tt_customer_parent,tt_base.group_customer_parent_level_4,1,1,1,0
access_tt_customer_parent_for_customer_parent_level_5,tt.customer.parent.for.customer.parent.level.5,model_tt_customer_parent,tt_base.group_customer_parent_level_5,1,1,1,1
,,,,,,,
access_tt_customer_parent_type_for_public,tt.customer.for.public,model_tt_customer_parent_type,,1,0,0,0
,,,,,,,
access_tt_customer_parent_type_for_customer_parent_type_level_1,tt.customer.parent.type.for.customer.parent.type.level.1,model_tt_customer_parent_type,tt_base.group_customer_parent_type_level_1,1,0,1,1
access_tt_customer_parent_type_for_customer_parent_type_level_2,tt.customer.parent.type.for.customer.parent.type.level.2,model_tt_customer_parent_type,tt_base.group_customer_parent_type_level_2,1,0,1,0
access_tt_customer_parent_type_for_customer_parent_type_level_3,tt.customer.parent.type.for.customer.parent.type.level.3,model_tt_customer_parent_type,tt_base.group_customer_parent_type_level_3,1,1,1,0
access_tt_customer_parent_type_for_customer_parent_type_level_4,tt.customer.parent.type.for.customer.parent.type.level.4,model_tt_customer_parent_type,tt_base.group_customer_parent_type_level_4,1,1,1,0
access_tt_customer_parent_type_for_customer_parent_type_level_5,tt.customer.parent.type.for.customer.parent.type.level.5,model_tt_customer_parent_type,tt_base.group_customer_parent_type_level_5,1,1,1,1
,,,,,,,
access_tt_agent_target_for_public,tt.agent.target.for.public,model_tt_agent_target,,1,0,0,0
,,,,,,,
access_tt_agent_target_for_agent_level_1,tt.agent.target.for.agent.level.1,model_tt_agent_target,tt_base.group_agent_level_1,1,0,0,0
access_tt_agent_target_for_agent_level_2,tt.agent.target.for.agent.level.2,model_tt_agent_target,tt_base.group_agent_level_2,1,0,1,0
access_tt_agent_target_for_agent_level_3,tt.agent.target.for.agent.level.3,model_tt_agent_target,tt_base.group_agent_level_3,1,1,1,0
access_tt_agent_target_for_agent_level_4,tt.agent.target.for.agent.level.4,model_tt_agent_target,tt_base.group_agent_level_4,1,1,1,0
access_tt_agent_target_for_agent_level_5,tt.agent.target.for.agent.level.5,model_tt_agent_target,tt_base.group_agent_level_5,1,1,1,1
,,,,,,,
access_tt_agent_mou_for_public,tt.agent.mou.for.public,model_tt_agent_mou,,1,0,0,0
,,,,,,,
access_tt_agent_mou_for_agent_level_1,tt.agent.mou.for.agent.level.1,model_tt_agent_mou,tt_base.group_agent_level_1,1,0,0,0
access_tt_agent_mou_for_agent_level_2,tt.agent.mou.for.agent.level.2,model_tt_agent_mou,tt_base.group_agent_level_2,1,0,1,0
access_tt_agent_mou_for_agent_level_3,tt.agent.mou.for.agent.level.3,model_tt_agent_mou,tt_base.group_agent_level_3,1,1,1,0
access_tt_agent_mou_for_agent_level_4,tt.agent.mou.for.agent.level.4,model_tt_agent_mou,tt_base.group_agent_level_4,1,1,1,0
access_tt_agent_mou_for_agent_level_5,tt.agent.mou.for.agent.level.5,model_tt_agent_mou,tt_base.group_agent_level_5,1,1,1,1
,,,,,,,
access_tt_error_api_for_public,tt.error.api.for.public,model_tt_error_api,,1,1,1,1
,,,,,,,
access_tt_error_api_for_error_api_level_1,tt.error.api.for.error.api.level.1,model_tt_error_api,tt_base.group_error_api_list_level_1,1,0,0,0
access_tt_error_api_for_error_api_level_2,tt.error.api.for.error.api.level.2,model_tt_error_api,tt_base.group_error_api_list_level_2,1,0,1,0
access_tt_error_api_for_error_api_level_3,tt.error.api.for.error.api.level.3,model_tt_error_api,tt_base.group_error_api_list_level_3,1,1,1,0
access_tt_error_api_for_error_api_level_4,tt.error.api.for.error.api.level.4,model_tt_error_api,tt_base.group_error_api_list_level_4,1,1,1,0
access_tt_error_api_for_error_api_level_5,tt.error.api.for.error.api.level.5,model_tt_error_api,tt_base.group_error_api_list_level_5,1,1,1,1
,,,,,,,
access_tt_provider_destination_for_public,tt.provider.destination.for.public,model_tt_provider_destination,,1,0,0,0
,,,,,,,
access_tt_provider_destination_for_provider_level_1,tt.provider.destination.for.provider.level.1,model_tt_provider_destination,tt_base.group_provider_level_1,1,0,0,0
access_tt_provider_destination_for_provider_level_2,tt.provider.destination.for.provider.level.2,model_tt_provider_destination,tt_base.group_provider_level_2,1,0,1,0
access_tt_provider_destination_for_provider_level_3,tt.provider.destination.for.provider.level.3,model_tt_provider_destination,tt_base.group_provider_level_3,1,1,1,0
access_tt_provider_destination_for_provider_level_4,tt.provider.destination.for.provider.level.4,model_tt_provider_destination,tt_base.group_provider_level_4,1,1,1,0
access_tt_provider_destination_for_provider_level_5,tt.provider.destination.for.provider.level.5,model_tt_provider_destination,tt_base.group_provider_level_5,1,1,1,1
,,,,,,,
access_tt_provider_destination_city_for_public,tt.provider.destination.city.for.public,model_tt_provider_destination_city,,1,0,0,0
,,,,,,,
access_tt_provider_destination_city_for_provider_level_1,tt.provider.destination.city.for.provider.level.1,model_tt_provider_destination_city,tt_base.group_provider_level_1,1,0,0,0
access_tt_provider_destination_city_for_provider_level_2,tt.provider.destination.city.for.provider.level.2,model_tt_provider_destination_city,tt_base.group_provider_level_2,1,0,1,0
access_tt_provider_destination_city_for_provider_level_3,tt.provider.destination.city.for.provider.level.3,model_tt_provider_destination_city,tt_base.group_provider_level_3,1,1,1,0
access_tt_provider_destination_city_for_provider_level_4,tt.provider.destination.city.for.provider.level.4,model_tt_provider_destination_city,tt_base.group_provider_level_4,1,1,1,0
access_tt_provider_destination_city_for_provider_level_5,tt.provider.destination.city.for.provider.level.5,model_tt_provider_destination_city,tt_base.group_provider_level_5,1,1,1,1
,,,,,,,
access_tt_provider_code_for_public,tt.provider.code.for.public,model_tt_provider_code,,1,0,0,0
access_tt_provider_code_for_admin,tt.provider.code.for.admin,model_tt_provider_code,base.group_system,1,1,1,1
,,,,,,,
access_tt_provider_currency_for_public,tt.provider.currency.for.public,model_tt_provider_currency,,1,0,0,0
,,,,,,,
access_tt_provider_currency_for_provider_level_1,tt.provider.currency.for.provider.level.1,model_tt_provider_currency,tt_base.group_provider_level_1,1,0,0,0
access_tt_provider_currency_for_provider_level_2,tt.provider.currency.for.provider.level.2,model_tt_provider_currency,tt_base.group_provider_level_2,1,0,1,0
access_tt_provider_currency_for_provider_level_3,tt.provider.currency.for.provider.level.3,model_tt_provider_currency,tt_base.group_provider_level_3,1,1,1,0
access_tt_provider_currency_for_provider_level_4,tt.provider.currency.for.provider.level.4,model_tt_provider_currency,tt_base.group_provider_level_4,1,1,1,0
access_tt_provider_currency_for_provider_level_5,tt.provider.currency.for.provider.level.5,model_tt_provider_currency,tt_base.group_provider_level_5,1,1,1,1
,,,,,,,
access_tt_destination_alias_for_public,tt.destination.alias.for.public,model_tt_destination_alias,,1,0,0,0
,,,,,,,
access_tt_destination_alias_for_destination_level_1,tt.destination.alias.for.destination.level.1,model_tt_destination_alias,tt_base.group_destination_level_1,1,0,0,0
access_tt_destination_alias_for_destination_level_2,tt.destination.alias.for.destination.level.2,model_tt_destination_alias,tt_base.group_destination_level_2,1,0,1,0
access_tt_destination_alias_for_destination_level_3,tt.destination.alias.for.destination.level.3,model_tt_destination_alias,tt_base.group_destination_level_3,1,1,1,0
access_tt_destination_alias_for_destination_level_4,tt.destination.alias.for.destination.level.4,model_tt_destination_alias,tt_base.group_destination_level_4,1,1,1,0
access_tt_destination_alias_for_destination_level_5,tt.destination.alias.for.destination.level.5,model_tt_destination_alias,tt_base.group_destination_level_5,1,1,1,1
,,,,,,,
access_tt_frontend_security_for_public,tt.frontend.security.for.public,model_tt_frontend_security,,1,1,1,1
,,,,,,,
access_tt_frontend_security_for_frontend_security_level_1,tt.frontend.security.for.frontend.security.level.1,model_tt_frontend_security,tt_base.group_frontend_security_level_1,1,0,0,0
access_tt_frontend_security_for_frontend_security_level_2,tt.frontend.security.for.frontend.security.level.2,model_tt_frontend_security,tt_base.group_frontend_security_level_2,1,0,1,0
access_tt_frontend_security_for_frontend_security_level_3,tt.frontend.security.for.frontend.security.level.3,model_tt_frontend_security,tt_base.group_frontend_security_level_3,1,1,1,0
access_tt_frontend_security_for_frontend_security_level_4,tt.frontend.security.for.frontend.security.level.4,model_tt_frontend_security,tt_base.group_frontend_security_level_4,1,1,1,0
access_tt_frontend_security_for_frontend_security_level_5,tt.frontend.security.for.frontend.security.level.5,model_tt_frontend_security,tt_base.group_frontend_security_level_5,1,1,1,1
,,,,,,,
access_tt_upload_center_for_admin,tt.upload.center.for.admin,model_tt_upload_center,base.group_system,1,1,1,1
,,,,,,,
access_tt_upload_center_for_upload_center_level_1,tt.upload.center.for.upload.center.level.1,model_tt_upload_center,tt_base.group_upload_center_level_1,1,0,0,0
access_tt_upload_center_for_upload_center_level_2,tt.upload.center.for.upload.center.level.2,model_tt_upload_center,tt_base.group_upload_center_level_2,1,0,1,0
access_tt_upload_center_for_upload_center_level_3,tt.upload.center.for.upload.center.level.3,model_tt_upload_center,tt_base.group_upload_center_level_3,1,1,1,0
access_tt_upload_center_for_upload_center_level_4,tt.upload.center.for.upload.center.level.4,model_tt_upload_center,tt_base.group_upload_center_level_4,1,1,1,0
access_tt_upload_center_for_upload_center_level_5,tt.upload.center.for.upload.center.level.5,model_tt_upload_center,tt_base.group_upload_center_level_5,1,1,1,1
,,,,,,,
tt_transport_carrier_search_for_transport_carrier_level_1,tt.transport.carrier.search.for.transport.carrier.level.1,model_tt_transport_carrier_search,tt_base.group_transport_carrier_level_1,1,0,0,0
tt_transport_carrier_search_for_transport_carrier_level_2,tt.transport.carrier.search.for.transport.carrier.level.2,model_tt_transport_carrier_search,tt_base.group_transport_carrier_level_2,1,0,1,0
tt_transport_carrier_search_for_transport_carrier_level_3,tt.transport.carrier.search.for.transport.carrier.level.3,model_tt_transport_carrier_search,tt_base.group_transport_carrier_level_3,1,1,1,0
tt_transport_carrier_search_for_transport_carrier_level_4,tt.transport.carrier.search.for.transport.carrier.level.4,model_tt_transport_carrier_search,tt_base.group_transport_carrier_level_4,1,1,1,0
tt_transport_carrier_search_for_transport_carrier_level_5,tt.transport.carrier.search.for.transport.carrier.level.5,model_tt_transport_carrier_search,tt_base.group_transport_carrier_level_5,1,1,1,1
,,,,,,,
tt_cabin_class_for_public,tt.cabin.class.for.public,model_tt_cabin_class,,1,0,0,0
,,,,,,,
tt_cabin_class_for_transport_carrier_level_1,tt.cabin.class.for.transport.carrier.level.1,model_tt_cabin_class,tt_base.group_transport_carrier_level_1,1,0,0,0
tt_cabin_class_for_transport_carrier_level_2,tt.cabin.class.for.transport.carrier.level.2,model_tt_cabin_class,tt_base.group_transport_carrier_level_2,1,0,1,0
tt_cabin_class_for_transport_carrier_level_3,tt.cabin.class.for.transport.carrier.level.3,model_tt_cabin_class,tt_base.group_transport_carrier_level_3,1,1,1,0
tt_cabin_class_for_transport_carrier_level_4,tt.cabin.class.for.transport.carrier.level.4,model_tt_cabin_class,tt_base.group_transport_carrier_level_4,1,1,1,0
tt_cabin_class_for_transport_carrier_level_5,tt.cabin.class.for.transport.carrier.level.5,model_tt_cabin_class,tt_base.group_transport_carrier_level_5,1,1,1,1
,,,,,,,
tt_product_class_for_public,tt.product.class.for.public,model_tt_product_class,,1,0,0,0
,,,,,,,
tt_product_class_for_transport_carrier_level_1,tt.product.class.for.transport.carrier.level.1,model_tt_product_class,tt_base.group_transport_carrier_level_1,1,0,0,0
tt_product_class_for_transport_carrier_level_2,tt.product.class.for.transport.carrier.level.2,model_tt_product_class,tt_base.group_transport_carrier_level_2,1,0,1,0
tt_product_class_for_transport_carrier_level_3,tt.product.class.for.transport.carrier.level.3,model_tt_product_class,tt_base.group_transport_carrier_level_3,1,1,1,0
tt_product_class_for_transport_carrier_level_4,tt.product.class.for.transport.carrier.level.4,model_tt_product_class,tt_base.group_transport_carrier_level_4,1,1,1,0
tt_product_class_for_transport_carrier_level_5,tt.product.class.for.transport.carrier.level.5,model_tt_product_class,tt_base.group_transport_carrier_level_5,1,1,1,1
,,,,,,,
tt_fare_rules_for_public,tt.fare.rules.for.public,model_tt_fare_rules,,1,0,0,0
,,,,,,,
tt_fare_rules_for_transport_carrier_level_1,tt.fare.rules.for.transport.carrier.level.1,model_tt_fare_rules,tt_base.group_transport_carrier_level_1,1,0,0,0
tt_fare_rules_for_transport_carrier_level_2,tt.fare.rules.for.transport.carrier.level.2,model_tt_fare_rules,tt_base.group_transport_carrier_level_2,1,0,1,0
tt_fare_rules_for_transport_carrier_level_3,tt.fare.rules.for.transport.carrier.level.3,model_tt_fare_rules,tt_base.group_transport_carrier_level_3,1,1,1,0
tt_fare_rules_for_transport_carrier_level_4,tt.fare.rules.for.transport.carrier.level.4,model_tt_fare_rules,tt_base.group_transport_carrier_level_4,1,1,1,0
tt_fare_rules_for_transport_carrier_level_5,tt.fare.rules.for.transport.carrier.level.5,model_tt_fare_rules,tt_base.group_transport_carrier_level_5,1,1,1,1
,,,,,,,
tt_ban_user_for_public,tt_base.tt_ban_user_for_public,model_tt_ban_user,,1,0,0,0
tt_ban_user_for_admin,tt_base.tt_ban_user_for_admin,model_tt_ban_user,base.group_system,1,1,1,1
,,,,,,,
tt_ban_user_for_banned_users_level_1,tt_base.tt_ban_user_for_banned_users_level_1,model_tt_ban_user,tt_base.group_banned_users_level_1,1,0,0,0
tt_ban_user_for_banned_users_level_2,tt_base.tt_ban_user_for_banned_users_level_2,model_tt_ban_user,tt_base.group_banned_users_level_2,1,0,1,0
tt_ban_user_for_banned_users_level_3,tt_base.tt_ban_user_for_banned_users_level_3,model_tt_ban_user,tt_base.group_banned_users_level_3,1,1,1,0
tt_ban_user_for_banned_users_level_4,tt_base.tt_ban_user_for_banned_users_level_4,model_tt_ban_user,tt_base.group_banned_users_level_4,1,1,1,0
tt_ban_user_for_banned_users_level_5,tt_base.tt_ban_user_for_banned_users_level_5,model_tt_ban_user,tt_base.group_banned_users_level_5,1,1,1,1
,,,,,,,
access_for_tt_pnr_quota_for_public,tt_base.access_for_tt_pnr_quota_for_public,model_tt_pnr_quota,,1,0,0,0
access_for_tt_pnr_quota_for_admin,tt_base.access_for_tt_pnr_quota_for_admin,model_tt_pnr_quota,base.group_system,1,1,1,1
,,,,,,,
access_for_tt_pnr_quota_for_pnr_quota_level_1,tt_base.access_for_tt_pnr_quota_for_pnr_quota_level_1,model_tt_pnr_quota,tt_base.group_pnr_quota_level_1,1,0,0,0
access_for_tt_pnr_quota_for_pnr_quota_level_2,tt_base.access_for_tt_pnr_quota_for_pnr_quota_level_2,model_tt_pnr_quota,tt_base.group_pnr_quota_level_2,1,0,1,0
access_for_tt_pnr_quota_for_pnr_quota_level_3,tt_base.access_for_tt_pnr_quota_for_pnr_quota_level_3,model_tt_pnr_quota,tt_base.group_pnr_quota_level_3,1,1,1,0
access_for_tt_pnr_quota_for_pnr_quota_level_4,tt_base.access_for_tt_pnr_quota_for_pnr_quota_level_4,model_tt_pnr_quota,tt_base.group_pnr_quota_level_4,1,1,1,0
access_for_tt_pnr_quota_for_pnr_quota_level_5,tt_base.access_for_tt_pnr_quota_for_pnr_quota_level_5,model_tt_pnr_quota,tt_base.group_pnr_quota_level_5,1,1,1,1
,,,,,,,
access_for_tt_pnr_quota_price_list_for_public,tt_base.access_for_tt_pnr_quota_price_list_for_public,model_tt_pnr_quota_price_list,,1,0,0,0
access_for_tt_pnr_quota_price_list_for_admin,tt_base.access_for_tt_pnr_quota_price_list_for_admin,model_tt_pnr_quota_price_list,base.group_system,1,1,1,1
,,,,,,,
access_for_tt_pnr_quota_price_list_for_pnr_quota_level_1,tt_base.access_for_tt_pnr_quota_price_list_for_pnr_quota_level_1,model_tt_pnr_quota_price_list,tt_base.group_pnr_quota_level_1,1,0,0,0
access_for_tt_pnr_quota_price_list_for_pnr_quota_level_2,tt_base.access_for_tt_pnr_quota_price_list_for_pnr_quota_level_2,model_tt_pnr_quota_price_list,tt_base.group_pnr_quota_level_2,1,0,1,0
access_for_tt_pnr_quota_price_list_for_pnr_quota_level_3,tt_base.access_for_tt_pnr_quota_price_list_for_pnr_quota_level_3,model_tt_pnr_quota_price_list,tt_base.group_pnr_quota_level_3,1,1,1,0
access_for_tt_pnr_quota_price_list_for_pnr_quota_level_4,tt_base.access_for_tt_pnr_quota_price_list_for_pnr_quota_level_4,model_tt_pnr_quota_price_list,tt_base.group_pnr_quota_level_4,1,1,1,0
access_for_tt_pnr_quota_price_list_for_pnr_quota_level_5,tt_base.access_for_tt_pnr_quota_price_list_for_pnr_quota_level_5,model_tt_pnr_quota_price_list,tt_base.group_pnr_quota_level_5,1,1,1,1
,,,,,,,
access_for_tt_pnr_quota_price_package_for_public,tt_base.access_for_tt_pnr_quota_price_package_for_public,model_tt_pnr_quota_price_package,,1,0,0,0
access_for_tt_pnr_quota_price_package_for_admin,tt_base.access_for_tt_pnr_quota_price_package_for_admin,model_tt_pnr_quota_price_package,base.group_system,1,1,1,1
,,,,,,,
access_for_tt_pnr_quota_price_package_for_pnr_quota_level_1,tt_base.access_for_tt_pnr_quota_price_package_for_pnr_quota_level_1,model_tt_pnr_quota_price_package,tt_base.group_pnr_quota_level_1,1,0,0,0
access_for_tt_pnr_quota_price_package_for_pnr_quota_level_2,tt_base.access_for_tt_pnr_quota_price_package_for_pnr_quota_level_2,model_tt_pnr_quota_price_package,tt_base.group_pnr_quota_level_2,1,0,1,0
access_for_tt_pnr_quota_price_package_for_pnr_quota_level_3,tt_base.access_for_tt_pnr_quota_price_package_for_pnr_quota_level_3,model_tt_pnr_quota_price_package,tt_base.group_pnr_quota_level_3,1,1,1,0
access_for_tt_pnr_quota_price_package_for_pnr_quota_level_4,tt_base.access_for_tt_pnr_quota_price_package_for_pnr_quota_level_4,model_tt_pnr_quota_price_package,tt_base.group_pnr_quota_level_4,1,1,1,0
access_for_tt_pnr_quota_price_package_for_pnr_quota_level_5,tt_base.access_for_tt_pnr_quota_price_package_for_pnr_quota_level_5,model_tt_pnr_quota_price_package,tt_base.group_pnr_quota_level_5,1,1,1,1
,,,,,,,
access_for_tt_pnr_quota_usage_for_public,tt_base.access_for_tt_pnr_quota_usage_for_public,model_tt_pnr_quota_usage,,1,0,0,0
access_for_tt_pnr_quota_usage_for_admin,tt_base.access_for_tt_pnr_quota_usage_for_admin,model_tt_pnr_quota_usage,base.group_system,1,1,1,1
,,,,,,,
access_for_tt_pnr_quota_usage_for_pnr_quota_level_1,tt_base.access_for_tt_pnr_quota_usage_for_pnr_quota_level_1,model_tt_pnr_quota_usage,tt_base.group_pnr_quota_level_1,1,0,0,0
access_for_tt_pnr_quota_usage_for_pnr_quota_level_2,tt_base.access_for_tt_pnr_quota_usage_for_pnr_quota_level_2,model_tt_pnr_quota_usage,tt_base.group_pnr_quota_level_2,1,0,1,0
access_for_tt_pnr_quota_usage_for_pnr_quota_level_3,tt_base.access_for_tt_pnr_quota_usage_for_pnr_quota_level_3,model_tt_pnr_quota_usage,tt_base.group_pnr_quota_level_3,1,1,1,0
access_for_tt_pnr_quota_usage_for_pnr_quota_level_4,tt_base.access_for_tt_pnr_quota_usage_for_pnr_quota_level_4,model_tt_pnr_quota_usage,tt_base.group_pnr_quota_level_4,1,1,1,0
access_for_tt_pnr_quota_usage_for_pnr_quota_level_5,tt_base.access_for_tt_pnr_quota_usage_for_pnr_quota_level_5,model_tt_pnr_quota_usage,tt_base.group_pnr_quota_level_5,1,1,1,1
,,,,,,,
access_for_tt_email_queue_for_public,tt_base.access_for_tt_email_queue_for_public,model_tt_email_queue,,1,0,0,0
access_for_tt_email_queue_for_admin,tt_base.access_for_tt_email_queue_for_admin,model_tt_email_queue,base.group_system,1,1,1,1
,,,,,,,
access_for_tt_email_queue_for_email_queue_level_1,tt_base.access_for_tt_email_queue_for_email_queue_level_1,model_tt_email_queue,tt_base.group_email_queue_level_1,1,0,0,0
access_for_tt_email_queue_for_email_queue_level_2,tt_base.access_for_tt_email_queue_for_email_queue_level_2,model_tt_email_queue,tt_base.group_email_queue_level_2,1,0,1,0
access_for_tt_email_queue_for_email_queue_level_3,tt_base.access_for_tt_email_queue_for_email_queue_level_3,model_tt_email_queue,tt_base.group_email_queue_level_3,1,1,1,0
access_for_tt_email_queue_for_email_queue_level_4,tt_base.access_for_tt_email_queue_for_email_queue_level_4,model_tt_email_queue,tt_base.group_email_queue_level_4,1,1,1,0
access_for_tt_email_queue_for_email_queue_level_5,tt_base.access_for_tt_email_queue_for_email_queue_level_5,model_tt_email_queue,tt_base.group_email_queue_level_5,1,1,1,1
,,,,,,,
access_for_ir_mail_server_for_access_right,tt_base.access_for_ir_mail_server_for_access_right,model_ir_mail_server,base.group_erp_manager,1,1,1,1
access_for_ir_mail_server_for_user_data_level_3,tt_base.access_for_ir_mail_server_for_user_data_level_3,model_ir_mail_server,tt_base.group_user_data_level_3,1,1,1,0
access_for_ir_mail_server_for_user_data_level_4,tt_base.access_for_ir_mail_server_for_user_data_level_4,model_ir_mail_server,tt_base.group_user_data_level_4,1,1,1,1
access_for_ir_mail_server_for_user_data_level_5,tt_base.access_for_ir_mail_server_for_user_data_level_5,model_ir_mail_server,tt_base.group_user_data_level_5,1,1,1,1
,,,,,,,
access_tt_vendor_for_public,tt.agent.type.for.public,model_tt_vendor,,1,0,0,0
,,,,,,,
access_tt_vendor_for_vendor_level_1,tt.vendor.for.vendor.level.1,model_tt_vendor,tt_base.group_vendor_level_1,1,0,0,0
access_tt_vendor_for_vendor_level_2,tt.vendor.for.vendor.level.2,model_tt_vendor,tt_base.group_vendor_level_2,1,0,1,0
access_tt_vendor_for_vendor_level_3,tt.vendor.for.vendor.level.3,model_tt_vendor,tt_base.group_vendor_level_3,1,1,1,0
access_tt_vendor_for_vendor_level_4,tt.vendor.for.vendor.level.4,model_tt_vendor,tt_base.group_vendor_level_4,1,1,1,0
access_tt_vendor_for_vendor_level_5,tt.vendor.for.vendor.level.5,model_tt_vendor,tt_base.group_vendor_level_5,1,1,1,1
,,,,,,,
tt_loyalty_program_for_public,tt.loyalty.program.for.public,model_tt_loyalty_program,,1,0,0,0
,,,,,,,
tt_loyalty_program_for_loyalty_program_level_1,tt.loyalty.program.for.loyalty.program.level.1,model_tt_loyalty_program,tt_base.group_loyalty_program_level_1,1,0,0,0
tt_loyalty_program_for_loyalty_program_level_2,tt.loyalty.program.for.loyalty.program.level.2,model_tt_loyalty_program,tt_base.group_loyalty_program_level_2,1,0,1,0
tt_loyalty_program_for_loyalty_program_level_3,tt.loyalty.program.for.loyalty.program.level.3,model_tt_loyalty_program,tt_base.group_loyalty_program_level_3,1,1,1,0
tt_loyalty_program_for_loyalty_program_level_4,tt.loyalty.program.for.loyalty.program.level.4,model_tt_loyalty_program,tt_base.group_loyalty_program_level_4,1,1,1,0
tt_loyalty_program_for_loyalty_program_level_5,tt.loyalty.program.for.loyalty.program.level.5,model_tt_loyalty_program,tt_base.group_loyalty_program_level_5,1,1,1,1
,,,,,,,
tt_public_holiday_for_all,tt.public.holiday.for.all,model_tt_public_holiday,,0,0,0,0
tt_public_holiday_for_admin,tt.public.holiday.for.admin,model_tt_public_holiday,base.group_system,1,1,1,1
,,,,,,,
tt_public_holiday_for_public_holiday_level_1,tt.public.holiday.for.public.holiday.level.1,model_tt_public_holiday,tt_base.group_public_holiday_level_1,1,0,0,0
tt_public_holiday_for_public_holiday_level_2,tt.public.holiday.for.public.holiday.level.2,model_tt_public_holiday,tt_base.group_public_holiday_level_2,1,0,1,0
tt_public_holiday_for_public_holiday_level_3,tt.public.holiday.for.public.holiday.level.3,model_tt_public_holiday,tt_base.group_public_holiday_level_3,1,1,1,0
tt_public_holiday_for_public_holiday_level_4,tt.public.holiday.for.public.holiday.level.4,model_tt_public_holiday,tt_base.group_public_holiday_level_4,1,1,1,0
tt_public_holiday_for_public_holiday_level_5,tt.public.holiday.for.public.holiday.level.5,model_tt_public_holiday,tt_base.group_public_holiday_level_5,1,1,1,1
,,,,,,,
tt_letter_guarantee_for_public,tt.letter.guarantee.for.public,model_tt_letter_guarantee,,1,0,0,0
,,,,,,,
tt_letter_guarantee_for_lg_po_level_1,tt.letter.guarantee.for.lg.po.level.1,model_tt_letter_guarantee,tt_base.group_lg_po_level_1,1,0,0,0
tt_letter_guarantee_for_lg_po_level_2,tt.letter.guarantee.for.lg.po.level.2,model_tt_letter_guarantee,tt_base.group_lg_po_level_2,1,0,1,0
tt_letter_guarantee_for_lg_po_level_3,tt.letter.guarantee.for.lg.po.level.3,model_tt_letter_guarantee,tt_base.group_lg_po_level_3,1,1,1,0
tt_letter_guarantee_for_lg_po_level_4,tt.letter.guarantee.for.lg.po.level.4,model_tt_letter_guarantee,tt_base.group_lg_po_level_4,1,1,1,0
tt_letter_guarantee_for_lg_po_level_5,tt.letter.guarantee.for.lg.po.level.5,model_tt_letter_guarantee,tt_base.group_lg_po_level_5,1,1,1,1
,,,,,,,
tt_letter_guarantee_lines_for_public,tt.letter.guarantee.lines.for.public,model_tt_letter_guarantee_lines,,1,0,0,0
,,,,,,,
tt_letter_guarantee_lines_for_lg_po_level_1,tt.letter.guarantee.lines.for.lg.po.level.1,model_tt_letter_guarantee_lines,tt_base.group_lg_po_level_1,1,0,0,0
tt_letter_guarantee_lines_for_lg_po_level_2,tt.letter.guarantee.lines.for.lg.po.level.2,model_tt_letter_guarantee_lines,tt_base.group_lg_po_level_2,1,0,1,0
tt_letter_guarantee_lines_for_lg_po_level_3,tt.letter.guarantee.lines.for.lg.po.level.3,model_tt_letter_guarantee_lines,tt_base.group_lg_po_level_3,1,1,1,0
tt_letter_guarantee_lines_for_lg_po_level_4,tt.letter.guarantee.lines.for.lg.po.level.4,model_tt_letter_guarantee_lines,tt_base.group_lg_po_level_4,1,1,1,0
tt_letter_guarantee_lines_for_lg_po_level_5,tt.letter.guarantee.lines.for.lg.po.level.5,model_tt_letter_guarantee_lines,tt_base.group_lg_po_level_5,1,1,1,1
,,,,,,,
access_tt_agent_notification_for_public,tt.agent.notification.for.public,model_tt_agent_notification,,1,0,0,0
,,,,,,,
access_tt_agent_notification_for_customer_level_1,tt.agent.notification.for.customer.level.1,model_tt_agent_notification,tt_base.group_customer_level_1,1,0,0,0
access_tt_agent_notification_for_customer_level_2,tt.agent.notification.for.customer.level.2,model_tt_agent_notification,tt_base.group_customer_level_2,1,0,1,0
access_tt_agent_notification_for_customer_level_3,tt.agent.notification.for.customer.level.3,model_tt_agent_notification,tt_base.group_customer_level_3,1,1,1,1
access_tt_agent_notification_for_customer_level_4,tt.agent.notification.for.customer.level.4,model_tt_agent_notification,tt_base.group_customer_level_4,1,1,1,1
access_tt_agent_notification_for_customer_level_5,tt.agent.notification.for.customer.level.5,model_tt_agent_notification,tt_base.group_customer_level_5,1,1,1,1
,,,,,,,
access_tt_otp_for_public,tt.otp.for.public,model_tt_otp,,0,0,0,0
,,,,,,,
access_tt_otp_for_admin,tt.otp.for.admin,model_tt_otp,base.group_system,1,1,1,1
,,,,,,,
access_tt_machine_for_public,tt.machine.for.public,model_tt_machine,,0,0,0,0
,,,,,,,
access_tt_machine_for_admin,tt.machine.for.admin,model_tt_machine,base.group_system,1,1,1,1
,,,,,,,
access_tt_pin_log_for_public,tt.pin.log.for.public,model_tt_pin_log,,0,0,0,0
,,,,,,,
access_tt_pin_log_for_admin,tt.pin.log.for.admin,model_tt_pin_log,base.group_system,1,1,1,1
,,,,,,,